Date,Close,Daily_Return,Target,MA5,MA10,MA5_ratio,Volatility,Prev_Return,Sentiment
2022-01-18,166.1557159423828,-0.01889406178134667,0,169.4181701660156,169.9377685546875,0.9807431858080166,0.015789683619266456,0.005110550184918239,0.2732
2022-01-19,162.662353515625,-0.02102462985967446,0,167.6861572265625,168.619677734375,0.9700404386740774,0.012924520907672437,-0.01889406178134667,-0.4404
2022-01-20,160.97926330566406,-0.01034714040209228,0,165.52945861816406,167.60101928710938,0.9725112656654294,0.010844001277696826,-0.02102462985967446,-0.296
2022-01-21,158.92433166503906,-0.012765194711589323,0,163.61543884277344,166.66260833740233,0.9713284564652709,0.010298003979381578,-0.01034714040209228,0.6486
2022-01-24,158.1512908935547,-0.00486420652763031,0,161.3745910644531,165.6302520751953,0.9800259746615808,0.006533416152940487,-0.012765194711589323,0.2732
2022-01-25,156.35079956054688,-0.011384613573718116,0,159.41360778808593,164.41588897705077,0.9807870339926655,0.005831592724341284,-0.00486420652763031,0.836
2022-01-26,156.26268005371094,-0.0005636012548935199,0,158.13367309570313,162.9099151611328,0.9881682819012251,0.0051186876352660865,-0.011384613573718116,0.0
2022-01-27,155.80279541015625,-0.0029430228855451546,1,157.09837951660157,161.3139190673828,0.9917530396530385,0.005331059132182447,-0.0005636012548935199,0.2732
2022-01-28,166.67434692382812,0.06977764092776484,1,158.64838256835938,161.1319107055664,1.0505896387062785,0.03365532685412386,-0.0029430228855451546,-0.296
2022-01-31,171.0288543701172,0.02612584075868085,0,161.22389526367186,161.2992431640625,1.0608157934058715,0.03308122749539815,0.06977764092776484,0.6486
2022-02-01,170.86245727539062,-0.0009729182560416216,1,164.12622680664063,161.7699172973633,1.0410429862418396,0.031183878021123653,0.02612584075868085,-0.4404
2022-02-02,172.06607055664062,0.007044340228058665,0,167.28690490722656,162.71028900146484,1.0285686775785856,0.030204497718858806,-0.0009729182560416216,-0.296
2022-02-03,169.18919372558594,-0.016719605566326234,0,169.9641845703125,163.53128204345703,0.9954402696857233,0.033271234075817405,0.007044340228058665,-0.296
2022-02-04,168.90505981445312,-0.001679385691698787,0,170.4103271484375,164.52935485839845,0.9911668068527726,0.01563182604494616,-0.016719605566326234,0.0
2022-02-07,168.18983459472656,-0.0042344807225564995,1,169.84252319335937,165.53320922851563,0.9902692884705246,0.00860240333669985,-0.001679385691698787,-0.4767
2022-02-08,171.29574584960938,0.01846670021625796,1,169.92918090820314,167.02770385742187,1.0080419674484542,0.013127090687370556,-0.0042344807225564995,0.6486
2022-02-09,172.71641540527344,0.008293665138136896,0,170.0592498779297,168.67307739257814,1.0156249397151351,0.013291858618169587,0.01846670021625796,-0.4215
2022-02-10,168.64047241210938,-0.023599048090478192,0,169.9495056152344,169.95684509277345,0.9922975168513366,0.01569995881366867,0.008293665138136896,-0.296
2022-02-11,165.2309112548828,-0.020217929352655983,1,169.2146759033203,169.8125015258789,0.9764573336965549,0.01804683030864589,-0.023599048090478192,-0.4767
2022-02-14,165.46603393554688,0.001422994516451892,1,168.66991577148437,169.25621948242187,0.98100501905581,0.018225164951934762,-0.020217929352655983,-0.4215
2022-02-15,169.29696655273438,0.023152380739842604,0,168.27015991210936,169.09967041015625,1.0061021314840453,0.01967581511463536,0.001422994516451892,0.6486
2022-02-16,169.0618133544922,-0.001388998297077837,0,167.53923950195312,168.79924468994142,1.0090878641747763,0.018845041565396313,0.023152380739842604,-0.0772
2022-02-17,165.46603393554688,-0.021269021948827738,0,166.90435180664062,168.4269287109375,0.9913823824512374,0.018262945554476606,-0.001388998297077837,0.836
2022-02-18,163.91793823242188,-0.00935597274137856,0,166.64175720214843,167.92821655273437,0.9836546432571377,0.016346451277214177,-0.021269021948827738,-0.4767
2022-02-22,160.9982147216797,-0.017812104899722847,0,165.748193359375,167.20905456542968,0.9713421996256912,0.017697748546484655,-0.00935597274137856,-0.4019
2022-02-23,156.83416748046875,-0.025863934257963073,1,163.25563354492186,165.7628967285156,0.9606661900418514,0.009775643455855808,-0.017812104899722847,-0.0772
2022-02-24,159.45013427734375,0.016679827099542965,1,161.3332977294922,164.43626861572267,0.9883274966875968,0.016884131866189825,-0.025863934257963073,0.836
2022-02-25,161.5175018310547,0.012965605598769914,1,160.54359130859376,163.72397155761718,1.0060663307362354,0.018779547022407656,0.016679827099542965,0.0
2022-02-28,161.78201293945312,0.00163766220626127,0,160.11640625,163.37908172607422,1.010402473603189,0.01873834745196423,0.012965605598769914,0.2732
2022-03-01,159.90084838867188,-0.011627773178253586,1,159.89693298339844,162.82256317138672,1.0000244870567583,0.017645426663776463,0.00163766220626127,-0.4404
2022-03-02,163.1929168701172,0.02058818645816851,0,161.16868286132814,162.212158203125,1.012559722973791,0.01307837947374919,-0.011627773178253586,-0.4019
2022-03-03,162.86961364746094,-0.0019811106318637917,0,161.85257873535156,161.5929382324219,1.0062837115111545,0.012655342020557247,0.02058818645816851,0.0
2022-03-04,159.87144470214844,-0.018408399689595734,0,161.52336730957032,161.03347930908203,0.9897728568012338,0.014877667890700436,-0.0019811106318637917,0.6486
2022-03-07,156.07965087890625,-0.023717767924763322,0,160.38289489746094,160.24965057373046,0.9731689341228943,0.017445232881290046,-0.018408399689595734,0.0
2022-03-08,154.2572784423828,-0.011675913075544497,1,159.25418090820312,159.57555694580077,0.9686231002707514,0.017448418181276192,-0.023717767924763322,0.2732
2022-03-09,159.65586853027344,0.03499731190905897,0,158.54677124023436,159.85772705078125,1.0069953949952002,0.02334552807400287,-0.011675913075544497,0.6486
2022-03-10,155.31544494628906,-0.027186119896127403,0,157.0359375,159.4442581176758,0.9890439565547795,0.02538992530620935,0.03499731190905897,-0.4019
2022-03-11,151.60206604003906,-0.023908626135244693,0,155.38206176757814,158.4527145385742,0.9756728950270127,0.026000537656498002,-0.027186119896127403,0.2732
2022-03-14,147.5751190185547,-0.026562613074289088,1,153.6811553955078,157.0320251464844,0.9602681515424656,0.026395735466568666,-0.023908626135244693,-0.4215
2022-03-15,151.95477294921875,0.029677454843274775,1,153.220654296875,156.23741760253907,0.9917381807729163,0.031969256943225756,-0.026562613074289088,-0.4404
2022-03-16,156.36380004882812,0.02901539065892189,1,152.56224060058594,155.55450592041015,1.0249180887307157,0.030277853283535393,0.029677454843274775,-0.4019
2022-03-17,157.37298583984375,0.006454088418806014,1,152.97374877929687,155.00484313964844,1.028758117622481,0.02737891110114993,0.02901539065892189,-0.4215
2022-03-18,160.6650390625,0.020918794957646147,1,154.78634338378907,155.0842025756836,1.0379794208597255,0.02344858053332471,0.006454088418806014,0.836
2022-03-21,162.03677368164062,0.008537853830210107,1,157.67867431640624,155.67991485595704,1.0276391172371806,0.011009346445383629,0.020918794957646147,-0.4019
2022-03-22,165.40724182128906,0.020800637182955217,1,160.36916809082032,156.79491119384767,1.0314154758701222,0.009445765466508504,0.008537853830210107,0.836
2022-03-23,166.7691650390625,0.008233758103801225,1,162.4502410888672,157.50624084472656,1.0265861344449017,0.007228994062716322,0.020800637182955217,0.6486
2022-03-24,170.5510711669922,0.022677490332483563,1,165.0858581542969,159.02980346679686,1.0331052766953985,0.007203377375502744,0.008233758103801225,-0.4215
2022-03-25,171.18795776367188,0.00373428669970699,1,167.19044189453126,160.98839263916017,1.0239099545634456,0.008408010648173201,0.022677490332483563,-0.4404
2022-03-28,172.05015563964844,0.005036556818832194,1,169.1931182861328,163.43589630126954,1.0168862503537757,0.008977883164517104,0.00373428669970699,0.2732
2022-03-29,175.34225463867188,0.019134530781353076,0,171.18012084960938,165.77464447021484,1.0243143524400193,0.008596894617263328,0.005036556818832194,-0.296
2022-03-30,174.17628479003906,-0.006649679799290431,0,172.6615447998047,167.55589294433594,1.0087728856589964,0.01201981627630858,0.019134530781353076,0.0
2022-03-31,171.08016967773438,-0.017775755844355645,0,172.76736450195312,168.926611328125,0.9902342966851261,0.013813180414268019,-0.006649679799290431,-0.0772
2022-04-01,170.78623962402344,-0.0017180837163337515,1,172.68702087402343,169.93873138427733,0.9889929119144013,0.013728315850187443,-0.017775755844355645,-0.4404
2022-04-04,174.83274841308594,0.023693412291122984,0,173.24353942871093,171.21832885742188,1.0091732655059784,0.01757115252497422,-0.0017180837163337515,-0.4215
2022-04-05,171.52108764648438,-0.01894187900528188,0,172.47930603027345,171.8297134399414,0.9944444443461473,0.017261204343383848,0.023693412291122984,-0.296
2022-04-06,168.3563690185547,-0.018450901118656438,1,171.31532287597656,171.98843383789062,0.9827280256795009,0.018433528029240264,-0.01894187900528188,-0.4404
2022-04-07,168.6601104736328,0.0018041577924778895,0,170.83131103515626,171.7993377685547,0.987290382843947,0.017533901177103454,-0.018450901118656438,-0.4215
2022-04-08,166.65158081054688,-0.011908741536131862,0,170.00437927246094,171.3457000732422,0.9802781641492856,0.017974675285814524,0.0018041577924778895,-0.4767
2022-04-11,162.39927673339844,-0.02551613405925357,1,167.51768493652344,170.3806121826172,0.9694455650753263,0.010358360923462054,-0.011908741536131862,-0.4767
2022-04-12,164.2706756591797,0.011523443721078941,1,166.0676025390625,169.27345428466796,0.9891795458451317,0.015060729334509575,-0.02551613405925357,0.836
2022-04-13,166.95530700683594,0.016342730294883534,0,165.78739013671876,168.55135650634764,1.0070446664800865,0.017204608441198248,0.011523443721078941,-0.4404
2022-04-14,161.94857788085938,-0.02998843951556185,0,164.44508361816406,167.63819732666016,0.9848186052001318,0.021090738736525772,0.016342730294883534,-0.4767
2022-04-18,161.7330322265625,-0.001330951201408137,1,163.46137390136718,166.73287658691407,0.9894266049920297,0.02111978317241214,-0.02998843951556185,-0.4215
2022-04-19,164.0159149169922,0.014115129476035104,0,163.78470153808593,165.65119323730468,1.0014116909377675,0.01921883274085601,-0.001330951201408137,0.836
2022-04-20,163.849365234375,-0.0010154483039129802,0,163.700439453125,164.88402099609374,1.0009097457633438,0.018491391066740637,0.014115129476035104,-0.4215
2022-04-21,163.05577087402344,-0.0048434387232222376,0,162.9205322265625,164.3539611816406,1.0008300896493074,0.015956370891596943,-0.0010154483039129802,0.836
2022-04-22,158.51931762695312,-0.027821482323217905,1,162.23468017578125,163.33988189697266,0.9770988388869597,0.015101349803211046,-0.0048434387232222376,-0.4404
2022-04-25,159.58729553222656,0.006737209831969793,0,161.80553283691407,162.63345336914062,0.9862907203122449,0.01589213734898805,-0.027821482323217905,-0.296
2022-04-26,153.63021850585938,-0.03732801540686703,0,159.7283935546875,161.7565475463867,0.9618215965670484,0.018782564107873573,0.006737209831969793,0.2732
2022-04-27,153.4048614501953,-0.0014668797444655768,1,157.63949279785157,160.6699661254883,0.9731372432599328,0.018712382859287436,-0.03732801540686703,-0.4019
2022-04-28,160.33193969726562,0.045155532762038764,0,157.0947265625,160.00762939453125,1.0206067587728842,0.03244465441172705,-0.0014668797444655768,-0.296
2022-04-29,154.4630126953125,-0.036604852489370954,1,156.28346557617186,159.25907287597656,0.98835159641394,0.03431233005152489,0.045155532762038764,0.6486
2022-05-02,154.7667999267578,0.0019667312332212195,1,155.31936645507812,158.56244964599608,0.9964423848684695,0.033979459422834604,-0.036604852489370954,-0.4215
2022-05-03,156.2560272216797,0.009622395084906143,1,155.8445281982422,157.78646087646484,1.002640445758314,0.02918823384725841,0.0019667312332212195,0.6486
2022-05-04,162.663818359375,0.04100828141883195,0,157.69631958007812,157.66790618896485,1.0315004103616658,0.03320111931541396,0.009622395084906143,-0.296
2022-05-05,153.60079956054688,-0.0557162550974003,1,156.35009155273437,156.7224090576172,0.9824157954441606,0.038427722758886826,0.04100828141883195,0.836
2022-05-06,154.326904296875,0.004727219769724567,0,156.32286987304687,156.30316772460938,0.9872317749936856,0.03501523946908097,-0.0557162550974003,-0.4019
2022-05-09,149.20492553710938,-0.033189149896460046,1,155.2104949951172,155.26493072509766,0.9613069370199693,0.03800444027842887,0.004727219769724567,-0.4019
2022-05-10,151.60891723632812,0.01611201299531384,0,154.28107299804688,155.06280059814452,0.9826799508857929,0.03880405125869516,-0.033189149896460046,-0.0772
2022-05-11,143.7493133544922,-0.0518413034345756,0,150.4981719970703,154.0972457885742,0.9551565407538007,0.03278614234796007,0.01611201299531384,-0.4019
2022-05-12,139.88327026367188,-0.02689434127094914,1,147.75466613769532,152.05237884521483,0.9467265834658112,0.02799541774793561,-0.0518413034345756,0.2732
2022-05-13,144.34788513183594,0.031916717844446385,0,145.7588623046875,151.04086608886718,0.9903197846735238,0.03526357346081656,-0.02689434127094914,-0.4019
2022-05-16,142.80734252929688,-0.010672429326775701,1,144.479345703125,149.84492034912108,0.9884273896335068,0.03339367797219633,0.031916717844446385,-0.296
2022-05-17,146.43789672851562,0.025422741820673167,0,143.4451416015625,148.86310729980468,1.02086341226715,0.03529886880654059,-0.010672429326775701,-0.0772
2022-05-18,138.1759490966797,-0.056419463925741486,0,142.33046875,146.41432037353516,0.9708107498710089,0.03679931286022974,0.025422741820673167,-0.296
2022-05-19,134.77110290527344,-0.02464138088911505,1,141.30803527832032,144.5313507080078,0.953739839633523,0.03651253241805875,-0.056419463925741486,-0.296
2022-05-20,135.00660705566406,0.0017474380287305635,1,139.43977966308594,142.5993209838867,0.9682072603805506,0.030495676012973268,-0.02464138088911505,0.0
2022-05-23,140.42295837402344,0.04011915739891303,0,138.96290283203126,141.72112426757812,1.0105068008240803,0.03876641203865485,0.0017474380287305635,-0.0772
2022-05-24,137.72459411621094,-0.019215976426199988,1,137.22024230957032,140.33269195556642,1.0036754912988914,0.035671615978081925,0.04011915739891303,-0.296
2022-05-25,137.88160705566406,0.0011400501156724197,1,137.1613739013672,139.74592132568358,1.0052509911049359,0.025447036685831283,-0.019215976426199988,0.0
2022-05-26,141.0803985595703,0.023199551935994434,1,138.42323303222656,139.86563415527343,1.0191959504856034,0.022802175496256922,0.0011400501156724197,0.0
2022-05-27,146.83038330078125,0.04075679399773624,0,140.78798828125,140.11388397216797,1.0429183987447883,0.02598196620776377,0.023199551935994434,-0.0772
2022-05-31,146.04539489746094,-0.005346225935488169,0,141.9124755859375,140.43768920898438,1.0291230161017146,0.02382156004260626,0.04075679399773624,0.6486
2022-06-01,145.91783142089844,-0.0008734508654111295,1,143.551123046875,140.38568267822265,1.0164868677011367,0.019600297290763253,-0.005346225935488169,0.836
2022-06-02,148.3708953857422,0.01681126933532817,0,145.64898071289062,141.4051773071289,1.0186881820904543,0.01870708599613281,-0.0008734508654111295,0.2732
2022-06-03,142.65036010742188,-0.03855564302855874,1,145.96297302246094,142.19310302734374,0.9773051148079224,0.029269808821899855,0.01681126933532817,0.836
2022-06-06,143.39605712890625,0.005227445769662609,1,145.27610778808594,143.03204803466798,0.9870587759556299,0.020751126382521985,-0.03855564302855874,-0.4019
2022-06-07,145.91783142089844,0.017586078323793997,0,145.25059509277344,143.58153533935547,1.004593690839606,0.0229483549674518,0.005227445769662609,0.2732
2022-06-08,145.1819305419922,-0.005043255315270945,0,145.1034149169922,144.3272689819336,1.0005411011522019,0.023065279362582132,0.017586078323793997,-0.4019
2022-06-09,139.9617919921875,-0.03595584195854751,0,143.42159423828124,144.53528747558593,0.9758766992901667,0.024987385923604485,-0.005043255315270945,-0.296
2022-06-10,134.5552215576172,-0.0386289026284552,0,141.8025665283203,143.8827697753906,0.9488912990213353,0.0250073415280442,-0.03595584195854751,-0.4215
2022-06-13,129.40383911132812,-0.03828452279039363,1,139.00412292480468,142.1401153564453,0.9309352585270446,0.02535914461077299,-0.0386289026284552,-0.0772
2022-06-14,130.26730346679688,0.006672633218601121,1,135.87401733398437,140.56230621337892,0.9587359380608734,0.021481475919495053,-0.03828452279039363,0.2732
2022-06-15,132.8871612548828,0.02011139954818897,0,133.4150634765625,139.25923919677734,0.9960431587863958,0.028361850595382248,0.006672633218601121,0.2732
2022-06-16,127.61800384521484,-0.03965136556391269,1,130.94630584716796,137.1839500427246,0.97458269646921,0.029012941557776475,0.02011139954818897,-0.296
2022-06-17,129.08985900878906,0.011533287774657675,1,129.85323333740234,135.82789993286133,0.9941212528252586,0.028748993225905923,-0.03965136556391269,0.6486
2022-06-21,133.3189239501953,0.032760628711495654,0,130.6362503051758,134.82018661499023,1.0205354458563576,0.027522593922687993,0.011533287774657675,0.0
2022-06-22,132.8086700439453,-0.0038273179165518867,1,131.14452362060547,133.50927047729493,1.0126894084281715,0.027883858573379133,0.032760628711495654,-0.296
2022-06-23,135.67385864257812,0.021573806873337098,1,131.70186309814454,132.5584632873535,1.0301589928266515,0.028099510652545484,-0.0038273179165518867,-0.4767
2022-06-24,139.0001983642578,0.02451717489986538,0,133.97830200195312,132.46230392456056,1.0374829079579728,0.014044589242999853,0.021573806873337098,0.0
2022-06-27,139.0001983642578,0.0,0,135.9603698730469,132.90680160522462,1.0223581952156306,0.016036671015326954,0.02451717489986538,-0.0772
2022-06-28,134.8594512939453,-0.0297895047563993,1,136.2684753417969,133.45236282348634,0.9896599411983045,0.022008311129507737,0.0,0.0
2022-06-29,136.61585998535156,0.013023994051243104,0,137.02991333007813,134.08721847534179,0.9969783725708912,0.022088251244068793,-0.0297895047563993,0.6486
2022-06-30,134.15293884277344,-0.01802807626319669,1,136.7257293701172,134.21379623413085,0.9811828355994415,0.022147355849515687,0.013023994051243104,0.0
2022-07-01,136.3214569091797,0.016164521516354835,1,136.18998107910156,135.08414154052736,1.0009653854786995,0.019836417824040976,-0.01802807626319669,-0.0772
2022-07-05,138.90206909179688,0.01893034479771183,1,136.17035522460938,136.06536254882812,1.0200610027247239,0.022370081049216787,0.016164521516354835,0.6486
2022-07-06,140.23655700683594,0.009607401270294469,1,137.2457763671875,136.7571258544922,1.0217914220664024,0.014928149915574408,0.01893034479771183,0.836
2022-07-07,143.6021270751953,0.023999234865665686,1,138.64302978515624,137.8364715576172,1.0357688179328148,0.016578355261967388,0.009607401270294469,0.2732
2022-07-08,144.27920532226562,0.004714959735351076,0,140.66828308105468,138.69700622558594,1.0256697683523321,0.007618244624934495,0.023999234865665686,0.2732
2022-07-11,142.1499481201172,-0.014757893886319096,1,141.8339813232422,139.01198120117186,1.0022277228202097,0.015045770687620214,0.004714959735351076,-0.4019
2022-07-12,143.12132263183594,0.0068334496393760435,0,142.67783203125,139.4240936279297,1.003108335711807,0.013876152016775044,-0.014757893886319096,0.836
2022-07-13,142.75828552246094,-0.002536568994047639,1,143.182177734375,140.21397705078124,0.9970394903987252,0.014164074640496935,0.0068334496393760435,0.836
2022-07-14,145.68234252929688,0.020482573015881966,1,143.5982208251953,141.1206253051758,1.0145135621606245,0.012935023090403395,-0.002536568994047639,0.0
2022-07-15,147.35040283203125,0.011449982707402828,0,144.21246032714845,142.44037170410155,1.0217591635130856,0.013503315539454342,0.020482573015881966,0.2732
2022-07-18,144.30859375,-0.020643371335052896,1,144.644189453125,143.23908538818358,0.9976798535468737,0.01566310803302639,0.011449982707402828,-0.0772
2022-07-19,148.16481018066406,0.02672201516525452,1,145.65288696289062,144.1653594970703,1.017245955573908,0.019010504172138416,-0.020643371335052896,-0.4404
2022-07-20,150.1665496826172,0.013510222160797225,1,147.13453979492186,145.15835876464843,1.0206070572682755,0.01831998566908298,0.02672201516525452,-0.4404
2022-07-21,152.4331817626953,0.015094121060041266,0,148.48470764160157,146.04146423339844,1.0265917897122725,0.017720224266578835,0.013510222160797225,0.6486
2022-07-22,151.19680786132812,-0.008110923665504477,0,149.25398864746094,146.73322448730468,1.0130168662926398,0.019203812383045922,0.015094121060041266,0.2732
2022-07-25,150.0782012939453,-0.007398347777346936,0,150.40791015625,147.5260498046875,0.9978079021112508,0.015230456640515208,-0.008110923665504477,0.2732
2022-07-26,148.7535858154297,-0.00882616840483863,1,150.52566528320312,148.0892761230469,0.9882273932193596,0.012299774057479777,-0.007398347777346936,-0.4404
2022-07-27,153.8461151123047,0.03423466579954382,1,151.26157836914064,149.19805908203125,1.0170865382407732,0.019192024614817376,-0.00882616840483863,0.2732
2022-07-28,154.39559936523438,0.003571648543277073,1,151.65406188964843,150.069384765625,1.0180775736661827,0.018350068154118822,0.03423466579954382,0.0
2022-07-29,159.45870971679688,0.0327931001426105,0,153.3064422607422,151.28021545410155,1.0401305213618548,0.02122184792927982,0.003571648543277073,-0.4767
2022-08-01,158.4774627685547,-0.00615361148967597,0,154.98629455566407,152.69710235595704,1.0225256576583082,0.020959579345477413,0.0327931001426105,-0.4215
2022-08-02,157.00567626953125,-0.009287039767748473,1,156.63671264648437,153.58118896484376,1.0023555373246347,0.021069970589273367,-0.00615361148967597,0.836
2022-08-03,163.01077270507812,0.038247639055023264,0,158.46964416503906,154.86561126708983,1.0286561414582953,0.02221982867779756,-0.009287039767748473,-0.4019
2022-08-04,162.69679260253906,-0.0019261309993734432,0,160.1298828125,155.89197235107423,1.016030173412696,0.022857802837049124,0.038247639055023264,0.6486
2022-08-05,162.4707794189453,-0.001389168034466981,0,160.7322967529297,157.01936950683594,1.0108160133410395,0.01947211158027708,-0.0019261309993734432,-0.4767
2022-08-08,161.99916076660156,-0.0029027906065965947,1,161.43663635253907,158.21146545410156,1.0034844904277742,0.019103354507024804,-0.001389168034466981,-0.4404
2022-08-09,162.04824829101562,0.00030301097969753776,1,162.44515075683594,159.54093170166016,0.9975566985904403,0.01780421844934253,-0.0029027906065965947,0.836
2022-08-10,166.2930450439453,0.026194647567597595,0,163.1016052246094,160.7856246948242,1.0195671882869635,0.012430458112991467,0.00030301097969753776,0.2732
2022-08-11,165.5561065673828,-0.004431565230931689,1,163.67346801757813,161.90167541503905,1.011502405201083,0.012777540409670581,0.026194647567597595,-0.4019
2022-08-12,169.1032257080078,0.0214254805465679,1,164.9999572753906,162.86612701416016,1.024868299970337,0.014524786504038786,-0.004431565230931689,0.2732
2022-08-15,170.1742401123047,0.0063334948213595865,0,166.63497314453124,164.03580474853516,1.0212396407607882,0.013309273333517826,0.0214254805465679,-0.0772
2022-08-16,170.0170440673828,-0.0009237358416769315,1,168.22873229980468,165.33694152832032,1.0106302398117768,0.013541202081213776,0.0063334948213595865,-0.0772
2022-08-17,171.5105438232422,0.008784411963234984,0,169.27223205566406,166.18691864013672,1.0132231479457425,0.010028496650176159,-0.0009237358416769315,-0.4019
2022-08-18,171.11752319335938,-0.0022915245973906817,0,170.38451538085937,167.02899169921875,1.004302079979871,0.009490545707464685,0.008784411963234984,-0.4019
2022-08-19,168.53334045410156,-0.015101800745080496,0,170.27053833007812,167.63524780273437,0.9897974253619325,0.00934613410784558,-0.0022915245973906817,-0.4404
2022-08-22,164.65213012695312,-0.02302933245547012,0,169.1661163330078,167.90054473876953,0.9733162508905224,0.012546197385817057,-0.015101800745080496,-0.4019
2022-08-23,164.3180389404297,-0.0020290729689670384,1,168.02631530761718,168.12752380371094,0.9779303833426419,0.012432326649070092,-0.02302933245547012,0.0
2022-08-24,164.61276245117188,0.0017936162860916482,1,166.64675903320312,167.9594955444336,0.9877945626195707,0.010492656550383428,-0.0020290729689670384,0.2732
2022-08-25,167.06927490234375,0.014922976897982165,0,165.837109375,168.11081237792968,1.007429974702209,0.014819947512721369,0.0017936162860916482,-0.4767
2022-08-26,160.7709197998047,-0.03769906289603886,0,164.2846252441406,167.27758178710937,0.9786120859507439,0.02096214740855373,0.014922976897982165,-0.296
2022-08-29,158.56988525390625,-0.013690501669326838,0,163.06817626953125,166.11714630126954,0.9724146604289614,0.019807010143459914,-0.03769906289603886,-0.4019
2022-08-30,156.14292907714844,-0.015305278003270972,0,161.433154296875,164.7297348022461,0.9672296236620772,0.01980686705744422,-0.013690501669326838,0.6486
2022-08-31,154.4823455810547,-0.010635022065413335,1,159.40707092285157,163.02691497802735,0.9691059793440385,0.018706788342763757,-0.015305278003270972,-0.0772
2022-09-01,155.20948791503906,0.004706960729068177,0,157.0351135253906,161.4361114501953,0.9883744114971053,0.015193276911788305,-0.010635022065413335,0.0
2022-09-02,153.0968780517578,-0.01361134484534654,0,155.50030517578125,159.89246520996093,0.9845439073492072,0.008232198972159968,0.004706960729068177,0.836
2022-09-06,151.83917236328125,-0.008215096901266428,1,154.15416259765624,158.61116943359374,0.9849826291073492,0.007928402811278783,-0.01361134484534654,-0.296
2022-09-07,153.24427795410156,0.009253907071216982,0,153.57443237304688,157.50379333496093,0.997850199321308,0.010064741486468331,-0.008215096901266428,-0.4767
2022-09-08,151.77040100097656,-0.00961782699362157,1,153.03204345703125,156.2195571899414,0.9917556975156714,0.009898428352239563,0.009253907071216982,-0.296
2022-09-09,154.6297149658203,0.018839733874231213,1,152.9160888671875,154.97560119628906,1.011206316557842,0.013996286551136617,-0.00961782699362157,-0.4019
2022-09-12,160.5841827392578,0.03850791404972642,0,154.4135498046875,154.95692749023436,1.0399617322597359,0.020048343761349452,0.018839733874231213,-0.4404
2022-09-13,151.1612091064453,-0.0586793386003196,1,154.2779571533203,154.21605987548827,0.9797978395333716,0.036941244458549835,0.03850791404972642,-0.0772
2022-09-14,152.60557556152344,0.009555139599743745,0,154.15021667480468,153.8623245239258,0.9899796370929544,0.03696104106452226,-0.0586793386003196,-0.0772
2022-09-15,149.71676635742188,-0.018929906023891885,0,153.73948974609374,153.3857666015625,0.9738341567588423,0.037774912923787415,0.009555139599743745,0.836
2022-09-16,148.0758514404297,-0.010960127959715571,1,152.42871704101563,152.67240295410156,0.9714432707623284,0.035943491372032135,-0.018929906023891885,-0.4404
2022-09-19,151.79006958007812,0.025083213120288272,1,150.66989440917968,152.5417221069336,1.0074346316846572,0.03186097855541359,-0.010960127959715571,0.2732
2022-09-20,154.1678924560547,0.01566520710185282,0,151.27123107910157,152.77459411621095,1.0191487922474725,0.018445801190847242,0.025083213120288272,-0.4215
2022-09-21,151.0432891845703,-0.020267535747594434,0,150.95877380371093,152.55449523925782,1.0005598573619132,0.020893172493255452,0.01566520710185282,0.0
2022-09-22,150.0803680419922,-0.006375133564533675,0,151.031494140625,152.38549194335937,0.9937024651444736,0.01900083579327272,-0.020267535747594434,-0.0772
2022-09-23,147.810546875,-0.015124037851220407,1,150.97843322753906,151.70357513427734,0.9790176233464766,0.01971364227187371,-0.006375133564533675,0.6486
2022-09-26,148.14462280273438,0.0022601629910543597,1,150.2493438720703,150.459619140625,0.9859918119101538,0.014291405055133669,-0.015124037851220407,-0.0772
2022-09-27,149.11741638183594,0.006566512916212464,0,149.23924865722657,150.25523986816407,0.9991836445406499,0.011306747443069096,0.0022601629910543597,-0.296
2022-09-28,147.2308349609375,-0.012651650401905967,0,148.4767578125,149.71776580810547,0.9916086337692267,0.00934623001789462,0.006566512916212464,-0.0772
2022-09-29,139.99899291992188,-0.049119072393594254,0,146.46048278808593,148.74598846435546,0.9558823667301903,0.021926346299770118,-0.012651650401905967,-0.0772
2022-09-30,135.7935028076172,-0.03003943117440988,1,144.05707397460938,147.51775360107422,0.9426368248431266,0.02316295997023904,-0.049119072393594254,-0.4215
2022-10-03,139.96951293945312,0.030752650498693024,1,142.42205200195312,146.33569793701173,0.9827797800409002,0.0311050878081936,-0.03003943117440988,-0.4215
2022-10-04,143.55596923828125,0.025623124804181607,1,141.30976257324218,145.27450561523438,1.015895622667081,0.03473566594691603,0.030752650498693024,-0.4767
2022-10-05,143.8507537841797,0.0020534468017079366,0,140.6337463378906,144.5552520751953,1.02287507465356,0.03476922762042675,0.025623124804181607,0.2732
2022-10-06,142.8976287841797,-0.006625790793074238,0,141.21347351074218,143.83697814941405,1.011926307253602,0.02478921574856215,0.0020534468017079366,0.6486
2022-10-07,137.6505889892578,-0.03671887238133642,1,141.58489074707032,142.82098236083985,0.9722124180267172,0.02717146752643187,-0.006625790793074238,-0.0772
2022-10-10,137.97486877441406,0.0023558183625465023,0,141.1859619140625,141.80400695800782,0.9772562859924915,0.022489133029442117,-0.03671887238133642,-0.0772
2022-10-11,136.55995178222656,-0.010254889203778594,0,139.78675842285156,140.5482604980469,0.9769162209852239,0.015993507259659367,0.0023558183625465023,0.0
2022-10-12,135.93109130859375,-0.00460501388163681,1,138.20282592773438,139.4182861328125,0.9835623142733093,0.015002324401912131,-0.010254889203778594,-0.4215
2022-10-13,140.5001220703125,0.03361284543317633,0,137.72332458496095,139.46839904785156,1.0201621438759167,0.025304558064626555,-0.00460501388163681,0.6486
2022-10-14,135.9704132080078,-0.03223989271723071,1,137.38728942871094,139.48609008789063,0.9896869919583184,0.023855672418584176,0.03361284543317633,0.836
2022-10-17,139.9302520751953,0.0291227979217048,1,137.7783660888672,139.48216400146484,1.015618460629299,0.0278156627595771,-0.03223989271723071,-0.4767
2022-10-18,141.24685668945312,0.009409006235122863,1,138.7157470703125,139.25125274658203,1.018246736023832,0.02682299666077689,0.0291227979217048,0.2732
2022-10-19,141.35498046875,0.0007654951184832282,0,139.80052490234374,139.00167541503907,1.0111190967808747,0.026342327730404465,0.009409006235122863,-0.4404
2022-10-20,140.89317321777344,-0.0032670037479057834,1,139.87913513183594,138.80122985839844,1.0072493877302127,0.022273657676233582,0.0007654951184832282,0.2732
2022-10-21,144.70559692382812,0.027058966868195755,1,141.626171875,139.50673065185546,1.0217433332276045,0.01486659624322433,-0.0032670037479057834,-0.296
2022-10-24,146.84762573242188,0.014802667306098138,1,143.0096466064453,140.39400634765624,1.0268372044617275,0.011993849455367607,0.027058966868195755,-0.0772
2022-10-25,149.6873321533203,0.01933777551209981,0,144.69774169921874,141.7067443847656,1.0344828495283178,0.012722291339141377,0.014802667306098138,-0.4767
2022-10-26,146.74937438964844,-0.019627297256274212,0,145.77662048339843,142.7885726928711,1.0066729075144172,0.018892485609027523,0.01933777551209981,-0.296
2022-10-27,142.2786102294922,-0.03046530302940509,1,146.0537078857422,142.96642150878907,0.9741526749926591,0.025563398895453913,-0.019627297256274212,0.6486
2022-10-28,153.02810668945312,0.07555244208965939,0,147.71820983886718,144.67219085693358,1.0359461223932922,0.04154565779865999,-0.03046530302940509,-0.4404
2022-10-31,150.6698760986328,-0.015410440878066756,0,148.48265991210937,145.74615325927735,1.014730448577754,0.04318636073456508,0.07555244208965939,-0.4215
2022-11-01,148.02676391601562,-0.017542406292860635,0,148.15054626464843,146.42414398193358,0.9991644826714868,0.04346126342125056,-0.015410440878066756,-0.4767
2022-11-02,142.5045928955078,-0.037305220180594234,0,147.3015899658203,146.5391052246094,0.9674341799608165,0.045952389022494766,-0.017542406292860635,-0.4767
2022-11-03,136.46170043945312,-0.04240489610384468,0,146.1382080078125,146.09595794677733,0.9337852318002827,0.0478743295498879,-0.037305220180594234,-0.0772
2022-11-04,136.19595336914062,-0.0019474113942351545,1,142.77177734375,145.2449935913086,0.9539417096505227,0.01667151147471207,-0.04240489610384468,-0.4019
2022-11-07,136.72743225097656,0.003902310374783502,1,139.98328857421876,144.23297424316405,0.9767411070535327,0.02061724829848903,-0.0019474113942351545,-0.4767
2022-11-08,137.29824829101562,0.004174846485753392,0,137.83758544921875,142.9940658569336,0.9960871546287945,0.023148921426994748,0.003902310374783502,0.0
2022-11-09,132.7413787841797,-0.03318956770065451,1,135.88494262695312,141.59326629638673,0.9768659883722106,0.022198552765621417,0.004174846485753392,-0.4404
2022-11-10,144.55194091796875,0.08897423126055903,1,137.50299072265625,141.8205993652344,1.0512639773016301,0.04551849130883525,-0.03318956770065451,-0.4404
2022-11-11,147.3372802734375,0.01926877866724319,0,139.73125610351562,141.25151672363282,1.0544332340667373,0.04483236869828611,0.08897423126055903,0.0
2022-11-14,145.939697265625,-0.00948560340749316,1,141.5737091064453,140.77849884033202,1.030838975589013,0.046162334885577964,0.01926877866724319,0.836
2022-11-15,147.6719207763672,0.01186944706065396,0,143.64844360351563,140.74301452636718,1.0280091943352812,0.04588246086610645,-0.00948560340749316,0.0
2022-11-16,146.44166564941406,-0.008331002403742072,1,146.3885009765625,141.1367218017578,1.0003631751981672,0.04029602174129999,0.01186944706065396,0.0
2022-11-17,148.34117126464844,0.012971073545297251,1,147.14634704589844,142.32466888427734,1.0081199720056748,0.013243295293552068,-0.008331002403742072,-0.4404
2022-11-18,148.90219116210938,0.0037819567735517534,0,147.4593292236328,143.5952926635742,1.0097848128434679,0.010717562928035596,0.012971073545297251,0.2732
2022-11-21,145.6739501953125,-0.021680278453943602,1,147.40617980957032,144.4899444580078,0.9882485957068039,0.014684090364674227,0.0037819567735517534,-0.4404
2022-11-22,147.80970764160156,0.014661217351664702,1,147.4337371826172,145.5410903930664,1.002550097868839,0.015301549365206325,-0.021680278453943602,-0.4019
2022-11-23,148.68568420410156,0.0059263804554976485,0,147.88254089355468,147.1355209350586,1.0054309542268751,0.014608305762141153,0.014661217351664702,-0.0772
2022-11-25,145.7723846435547,-0.019593678948591764,0,147.36878356933593,147.2575653076172,0.9891673196513144,0.016287813221866294,0.0059263804554976485,-0.296
2022-11-28,141.94378662109375,-0.026264220289890283,0,145.97710266113282,146.7182159423828,0.9723702144616345,0.01839128791874336,-0.019593678948591764,0.2732
2022-11-29,138.9419403076172,-0.02114813465903742,1,144.63070068359374,146.01844024658203,0.9606669929061481,0.01830371655876406,-0.026264220289890283,-0.4215
2022-11-30,145.69366455078125,0.04859385314625486,1,144.20749206542968,145.82061462402345,1.010305792466575,0.031169980064282538,-0.02114813465903742,-0.296
2022-12-01,145.96920776367188,0.0018912504791488427,0,143.66419677734376,145.77336883544922,1.0160444358304561,0.030948813734522167,0.04859385314625486,-0.0772
2022-12-02,145.47711181640625,-0.003371231198721958,0,143.60514221191406,145.486962890625,1.013035533238286,0.0296367155754452,0.0018912504791488427,-0.4019
2022-12-05,144.31573486328125,-0.007983228004902032,0,144.07953186035155,145.0283172607422,1.001639393187081,0.02656410166574199,-0.003371231198721958,-0.4019
2022-12-06,140.65447998046875,-0.02536975532349972,0,144.4220397949219,144.5263702392578,0.9739128472371458,0.02759433181183846,-0.007983228004902032,-0.4215
2022-12-07,138.71556091308594,-0.013784979103772965,1,143.02641906738282,143.61695556640626,0.9698597071617521,0.010483119911943537,-0.02536975532349972,0.2732
2022-12-08,140.39854431152344,0.01213262151239114,0,141.91228637695312,142.78824157714843,0.989333255744969,0.013796698069545024,-0.013784979103772965,0.836
2022-12-09,139.91629028320312,-0.0034348933650640845,1,140.8001220703125,142.20263214111327,0.9937227910451099,0.013791761474349915,0.01213262151239114,0.0
2022-12-12,142.2095184326172,0.01639000108402211,1,140.37887878417968,142.2292053222656,1.0130407057264788,0.0174764494374273,-0.0034348933650640845,0.2732
2022-12-13,143.17405700683594,0.006782517688334488,0,140.88279418945314,142.6524169921875,1.0162636099785303,0.012229512923824126,0.01639000108402211,0.836
2022-12-14,140.9497528076172,-0.015535665089888129,0,141.3296325683594,142.1780258178711,0.9973121011224702,0.012861054155797481,0.006782517688334488,-0.4019
2022-12-15,134.3456268310547,-0.04685447008606314,0,140.11904907226562,141.0156677246094,0.9587963072870033,0.024491243910191772,-0.015535665089888129,-0.4404
2022-12-16,132.38702392578125,-0.014578836330388811,0,138.61319580078126,139.70665893554687,0.9550824015056371,0.024418557195062158,-0.04685447008606314,-0.0772
2022-12-19,130.2808380126953,-0.015909307805474282,0,136.2274597167969,138.30316925048828,0.9563478485434288,0.01914323191571695,-0.014578836330388811,-0.4215
2022-12-20,130.21192932128906,-0.0005289242259827187,1,133.6350341796875,137.2589141845703,0.9743846748017015,0.017012094423637856,-0.015909307805474282,-0.0772
2022-12-21,133.31219482421875,0.023809381514346528,0,132.1075225830078,136.71857757568358,1.0091188769394568,0.02570803841755572,-0.0005289242259827187,0.6486
2022-12-22,130.14300537109375,-0.0237726897925864,0,131.26699829101562,135.69302368164062,0.9914373533747606,0.018748326492999002,0.023809381514346528,0.6486
2022-12-23,129.7788543701172,-0.0027980835384753266,0,130.7453643798828,134.67928009033204,0.9926076919487761,0.018162581204652792,-0.0237726897925864,0.2732
2022-12-27,127.97773742675781,-0.013878354467691256,0,130.2847442626953,133.2561019897461,0.9822925788510907,0.017845115113858105,-0.0027980835384753266,-0.4019
2022-12-28,124.05070495605469,-0.030685278155902607,1,129.05249938964843,131.34376678466796,0.9612421730904117,0.021366563423602783,-0.013878354467691256,-0.4019
2022-12-29,127.56436157226562,0.028324358313446485,1,127.9029327392578,130.0052276611328,0.99735290536549,0.023145703206852518,-0.030685278155902607,0.0
2022-12-30,127.8792953491211,0.0024688225847235845,0,127.45019073486328,129.35859451293945,1.0033668416797468,0.021768586175894708,0.028324358313446485,0.0
2023-01-03,123.09601593017578,-0.03740464322927772,1,126.113623046875,128.42949371337892,0.976072314443162,0.02654189444747846,0.0024688225847235845,0.0
2023-01-04,124.36566162109375,0.010314271191669944,0,125.39120788574219,127.83797607421874,0.9918212266877361,0.02788293138193385,-0.03740464322927772,-0.4404
2023-01-05,123.04679870605469,-0.010604719163214482,1,125.19042663574218,127.12146301269532,0.9828770618705162,0.02458042249186172,0.010314271191669944,-0.296
2023-01-06,127.5741958618164,0.036794107635235385,1,125.19239349365235,126.54766311645508,1.0190251364455687,0.027282601652177774,-0.010604719163214482,-0.4767
2023-01-09,128.09580993652344,0.004088711445001225,1,125.2356964111328,126.34294357299805,1.0228378458167489,0.027324179722375212,0.036794107635235385,-0.296
2023-01-10,128.66671752929688,0.004456879526788082,1,126.34983673095704,126.23172988891602,1.018337030409254,0.017344631411854588,0.004088711445001225,-0.0772
2023-01-11,131.3831329345703,0.021112028482850764,0,127.75333099365234,126.57226943969727,1.0284125815952174,0.018198817608496686,0.004456879526788082,-0.296
2023-01-12,131.3043975830078,-0.000599280514963163,1,129.40485076904298,127.29763870239258,1.014679100533527,0.015565632278244059,0.021112028482850764,-0.4404
2023-01-13,132.63308715820312,0.010119155181800732,1,130.4166290283203,127.80451126098633,1.0169952110125582,0.00833787012160155,-0.000599280514963163,-0.0772
2023-01-17,133.7944793701172,0.008756429008764277,0,131.55636291503907,128.39602966308593,1.017012605133539,0.008070509462648525,0.010119155181800732,-0.296
2023-01-18,133.07598876953125,-0.005370106479493542,1,132.43821716308594,129.39402694702147,1.004815616066924,0.010277880889407464,0.008756429008764277,-0.4404
2023-01-19,133.1350555419922,0.0004438574757708036,1,132.78860168457032,130.27096633911134,1.0026090632255082,0.006573084299359964,-0.005370106479493542,-0.4767
2023-01-20,135.6940155029297,0.019220782614466136,1,133.6665252685547,131.53568801879882,1.0151682721631425,0.009453763072988662,0.0004438574757708036,-0.296
2023-01-23,138.8828887939453,0.023500471109183074,1,134.91648559570314,132.66655731201172,1.029398951364091,0.012186196415126811,0.019220782614466136,-0.4404
2023-01-24,140.28048706054688,0.010063142254155721,0,136.21368713378905,133.88502502441406,1.0298560299800372,0.012185360739375041,0.023500471109183074,0.0
2023-01-25,139.62100219726562,-0.004701187435973253,1,137.52268981933594,134.98045349121094,1.0152579358408873,0.01198228279800103,0.010063142254155721,-0.4019
2023-01-26,141.6878662109375,0.014803389039935944,1,139.233251953125,136.01092681884765,1.017629511796786,0.010877432118693013,-0.004701187435973253,0.0
2023-01-27,143.62673950195312,0.013684116663378543,0,140.81979675292968,137.2431610107422,1.019932870333198,0.010298453549016347,0.014803389039935944,-0.4019
2023-01-30,140.7430419921875,-0.020077720344869432,1,141.19182739257812,138.0541564941406,0.9968214491682809,0.014957824541092632,0.013684116663378543,-0.4215
2023-01-31,142.01266479492188,0.009020856624690987,1,141.53826293945312,138.8759750366211,1.0033517569427264,0.01483727944325677,-0.020077720344869432,-0.4215
2023-02-01,143.1346893310547,0.007900876571488302,1,142.24100036621093,139.88184509277343,1.0062829209759696,0.014361169595091315,0.009020856624690987,-0.4215
2023-02-02,148.43960571289062,0.03706240888654366,1,143.59134826660156,141.41230010986328,1.0337642727421672,0.020339738760333077,0.007900876571488302,-0.4767
2023-02-03,152.06150817871094,0.02439983890031172,0,145.27830200195314,143.0490493774414,1.0466911168652466,0.02142408016695986,0.03706240888654366,0.0
2023-02-06,149.33523559570312,-0.017928748804751704,1,146.99674072265626,144.0942840576172,1.0159084811101968,0.02063520662504682,0.02439983890031172,-0.4019
2023-02-07,152.20916748046875,0.019244834437776248,0,149.03604125976562,145.2871520996094,1.0212909991025088,0.02076109150955777,-0.017928748804751704,-0.4404
2023-02-08,149.52224731445312,-0.017652814285055496,0,150.3135528564453,146.27727661132812,0.9947356340998212,0.025323592427916885,0.019244834437776248,-0.0772
2023-02-09,148.48883056640625,-0.006911458104783219,1,150.32339782714843,146.957373046875,0.9877958635364823,0.020287192199682145,-0.017652814285055496,-0.4404
2023-02-10,148.85353088378906,0.0024560791272425497,1,149.68180236816406,147.48005218505858,0.9944664516910496,0.015578541076601766,-0.006911458104783219,-0.0772
2023-02-13,151.65298461914062,0.01880676742251497,0,150.14535217285157,148.5710464477539,1.0100411529525963,0.016113985601609288,0.0024560791272425497,0.6486
2023-02-14,151.01223754882812,-0.004225087108715053,1,149.90596618652344,149.47100372314452,1.0073797687340087,0.01346884008112084,0.01880676742251497,-0.4404
2023-02-15,153.11187744140625,0.013903773142221132,0,150.62389221191407,150.46872253417968,1.0165178657446443,0.011215752889087922,-0.004225087108715053,-0.296
2023-02-16,151.51499938964844,-0.010429485148001794,0,151.2291259765625,150.77626190185546,1.0018903330376334,0.012201623218710793,0.013903773142221132,-0.296
2023-02-17,150.37158203125,-0.0075465621423917995,0,151.5327362060547,150.60726928710938,0.9923372717745573,0.013308794146932453,-0.010429485148001794,0.2732
2023-02-21,146.3596649169922,-0.026680021983303104,1,150.474072265625,150.3097122192383,0.972657034619427,0.014526106968586357,-0.0075465621423917995,0.0
2023-02-22,146.78353881835938,0.002896111449883332,1,149.62833251953126,149.76714935302735,0.9809876000536158,0.015199155385813437,-0.026680021983303104,-0.0772
2023-02-23,147.2665557861328,0.0032906753145607315,0,148.45926818847656,149.5415802001953,0.9919660630360273,0.012255480405226601,0.002896111449883332,-0.0772
2023-02-24,144.61497497558594,-0.018005315574824876,1,147.07926330566406,149.1541946411133,0.9832451681175696,0.013116316962512368,0.0032906753145607315,0.0
2023-02-27,145.80767822265625,0.008247439431992909,0,146.1664825439453,148.849609375,0.9975452353026202,0.01533154653806553,-0.018005315574824876,-0.4767
2023-02-28,145.30496215820312,-0.003447802410552425,0,145.9555419921875,148.21480712890624,0.9955426164357691,0.010166882815822486,0.008247439431992909,0.2732
2023-03-01,143.2349090576172,-0.01424626571480836,1,145.24581604003907,147.43707427978515,0.9861551469278292,0.01119296916537863,-0.003447802410552425,-0.4767
2023-03-02,143.82638549804688,0.004129415408025805,1,144.5577819824219,146.5085250854492,0.9949404558208845,0.01135032021065852,-0.01424626571480836,-0.4767
2023-03-03,148.8732147216797,0.03508973131846771,1,145.40942993164063,146.24434661865234,1.0238209089442647,0.018397856091616094,0.004129415408025805,-0.4767
2023-03-06,151.6332550048828,0.018539535727518652,0,146.57454528808594,146.37051391601562,1.0345128801652033,0.01927345625870366,0.03508973131846771,0.0
2023-03-07,149.43515014648438,-0.014496192529321217,1,147.40058288574218,146.67806243896484,1.0138029797502177,0.02142873731575586,0.018539535727518652,-0.4767
2023-03-08,150.68695068359375,0.008376881449125628,0,148.8909912109375,147.0684036254883,1.0120622440488147,0.018296464864076184,-0.014496192529321217,-0.296
2023-03-09,148.4395294189453,-0.014914504902070025,0,149.8136199951172,147.18570098876953,0.9908279996423779,0.021594357712828794,0.008376881449125628,-0.4215
2023-03-10,146.37937927246094,-0.01387871650192285,1,149.31485290527343,147.36214141845704,0.9803403775599285,0.01569611695059979,-0.014914504902070025,0.6486
2023-03-13,148.32127380371094,0.013266175474316633,1,148.65245666503907,147.6135009765625,0.9977720996426289,0.013943201087179214,-0.01387871650192285,-0.0772
2023-03-14,150.41094970703125,0.014088848145181077,1,148.84761657714844,148.1240997314453,1.0105029100622012,0.014578163109605838,0.013266175474316633,-0.0772
2023-03-15,150.8052520751953,0.002621500422223866,1,148.87127685546875,148.88113403320312,1.012990922497455,0.014107980945418588,0.014088848145181077,0.6486
2023-03-16,153.62442016601562,0.018694097533251686,0,149.90825500488282,149.8609375,1.024789596550315,0.013051360473510921,0.002621500422223866,0.0
2023-03-17,152.7865753173828,-0.0054538519834762544,1,151.1896942138672,150.2522735595703,1.0105621028722813,0.009836605963091858,0.018694097533251686,-0.4404
2023-03-20,155.1522674560547,0.015483638753978513,1,152.55589294433594,150.6041748046875,1.0170191689197225,0.01014237221151506,-0.0054538519834762544,0.0
2023-03-21,157.00546264648438,0.011944364209530933,0,153.87479553222656,151.3612060546875,1.020345548492392,0.009920893122066501,0.015483638753978513,-0.0772
2023-03-22,155.57615661621094,-0.009103543317417473,1,154.8289764404297,151.85012664794922,1.0048258419900407,0.012700719148789511,0.011944364209530933,-0.0772
2023-03-23,156.66046142578125,0.0069696078959269325,1,155.43618469238282,152.6722198486328,1.0078763946491696,0.010780520759273072,-0.009103543317417473,0.6486
2023-03-24,157.9615936279297,0.008305428123386749,0,156.4711883544922,153.8304412841797,1.009525109952261,0.009447959503346625,0.0069696078959269325,-0.4767
2023-03-27,156.01971435546875,-0.012293363392084644,0,156.644677734375,154.60028533935548,0.9960103120773371,0.011039071577481258,0.008305428123386749,0.0
2023-03-28,155.3987274169922,-0.003980182511177599,1,156.32333068847657,155.09906311035155,0.9940853149212452,0.009313812484735907,-0.012293363392084644,-0.4019
2023-03-29,158.47418212890625,0.019790732929630073,1,156.90293579101564,155.86595611572267,1.0100141296271437,0.012304143482380793,-0.003980182511177599,0.6486
2023-03-30,160.04147338867188,0.009889883883361872,1,157.57913818359376,156.50766143798828,1.0156260227937615,0.012561301314857679,0.019790732929630073,-0.296
2023-03-31,162.545166015625,0.015644023851697053,1,158.4958526611328,157.4835205078125,1.0255483868284536,0.013531387681382137,0.009889883883361872,-0.0772
2023-04-03,163.79705810546875,0.007701810644577423,0,160.05132141113282,158.3479995727539,1.0234033475094781,0.009059123009639559,0.015644023851697053,0.6486
2023-04-04,163.26478576660156,-0.0032495842417661347,0,161.6245330810547,158.97393188476562,1.010148537813404,0.008782778337874235,0.007701810644577423,0.0
2023-04-05,161.4214324951172,-0.01129057477293105,1,162.21398315429687,159.55845947265624,0.9951141655992393,0.0108396870475773,-0.0032495842417661347,-0.0772
2023-04-06,162.30862426757812,0.005496121294102485,0,162.66741333007812,160.12327575683594,0.9977943396581099,0.010384956872825596,-0.01129057477293105,-0.4404
2023-04-10,159.71617126464844,-0.01597236754749287,0,162.10161437988282,160.29873352050782,0.9852842729274482,0.010280072964342213,0.005496121294102485,0.6486
2023-04-11,158.50372314453125,-0.007591267124154699,0,161.0429473876953,160.54713439941406,0.98423262685915,0.008190482702220335,-0.01597236754749287,0.2732
2023-04-12,157.81373596191406,-0.004353129181628224,1,159.9527374267578,160.78863525390625,0.9866272906656368,0.008094578254525921,-0.007591267124154699,-0.0772
2023-04-13,163.1957550048828,0.03410361595056344,0,160.30760192871094,161.26079254150392,1.018016320133441,0.019349800981047858,-0.004353129181628224,0.0
2023-04-14,162.85079956054688,-0.002113752556404558,1,160.4160369873047,161.5417251586914,1.015177800293339,0.019338434128010857,0.03410361595056344,-0.4215
2023-04-17,162.87045288085938,0.0001206829832309797,1,161.04689331054686,161.57425384521486,1.0113231589435019,0.017049790934464362,-0.002113752556404558,-0.4019
2023-04-18,164.09274291992188,0.007504676369731733,1,162.164697265625,161.60382232666015,1.0118894289990796,0.015764881760718212,0.0001206829832309797,0.836
2023-04-19,165.2362060546875,0.006968395520840609,0,163.6491912841797,161.80096435546875,1.0096976633862609,0.014477665044111127,0.007504676369731733,-0.4767
2023-04-20,164.2701873779297,-0.005846289380658454,0,163.86407775878905,162.08583984375,1.002478332192724,0.005803858368758078,0.006968395520840609,0.836
2023-04-21,162.6634521484375,-0.009781051906854188,1,163.82660827636718,162.12132263183594,0.9929000780754278,0.007657148354377367,-0.005846289380658454,0.0
2023-04-24,162.9690399169922,0.001878650456009101,0,163.84632568359376,162.4466094970703,0.9946456793404345,0.007716073506459926,-0.009781051906854188,-0.296
2023-04-25,161.4313201904297,-0.009435655553629907,0,163.3140411376953,162.73936920166017,0.9884717753957344,0.00738877734875371,0.001878650456009101,-0.296
2023-04-26,161.4214324951172,-6.12501669492449e-05,1,162.55108642578125,163.10013885498046,0.9930504682835212,0.00534652220981302,-0.009435655553629907,-0.4215
2023-04-27,166.0050506591797,0.028395350562888444,1,162.89805908203124,163.38106842041014,1.0190732264991804,0.015575196554025188,-6.12501669492449e-05,-0.4767
2023-04-28,167.25692749023438,0.00754119724721436,0,163.81675415039064,163.8216812133789,1.0210001312606005,0.014100931935668361,0.028395350562888444,0.2732
2023-05-01,167.168212890625,-0.0005304091193146787,0,164.65658874511718,164.25145721435547,1.0152537117685325,0.014302312750333062,0.00754119724721436,-0.4215
2023-05-02,166.13320922851562,-0.006191390361913851,0,165.5969665527344,164.45550384521485,1.0032382397271176,0.013525889051423304,-0.0005304091193146787,0.836
2023-05-03,165.0587615966797,-0.006467386242795303,0,166.32443237304688,164.43775939941406,0.9923903496419069,0.014492401684991989,-0.006191390361913851,-0.4215
2023-05-04,163.4224395751953,-0.009913572631077394,1,165.80791015625,164.3529846191406,0.9856130471772624,0.006840282791505934,-0.006467386242795303,0.836
2023-05-05,171.0913848876953,0.04692712538397337,0,166.57480163574218,165.1957778930664,1.027114444727539,0.02380837908967382,-0.009913572631077394,-0.0772
2023-05-08,171.0223846435547,-0.00040329467311239764,0,167.34563598632812,166.00111236572266,1.0219709861900848,0.02380137796517827,0.04692712538397337,-0.296
2023-05-09,169.3170928955078,-0.009971161094502579,1,167.98241271972657,166.78968963623046,1.0079453566249708,0.02429232502889792,-0.00040329467311239764,-0.0772
2023-05-10,171.08151245117188,0.010420799964673044,1,169.186962890625,167.75569763183594,1.0111979642413207,0.023632216351816077,-0.009971161094502579,-0.4019
2023-05-11,171.268798828125,0.0010947201381947824,0,170.75623474121093,168.28207244873047,1.0030017298501042,0.022076135919115423,0.010420799964673044,-0.4767
2023-05-12,170.3409423828125,-0.005417545120075529,0,170.60614624023438,168.5904739379883,0.9984455199108218,0.0076660015946718,0.0010947201381947824,0.2732
2023-05-15,169.847412109375,-0.0028973085773376095,0,170.37115173339845,168.85839385986327,0.996925890218533,0.007710249835619821,-0.005417545120075529,0.836
2023-05-16,169.847412109375,0.0,1,170.4772155761719,169.2298141479492,0.9963056443368793,0.006030895935042821,-0.0028973085773376095,0.2732
2023-05-17,170.45941162109375,0.0036032313010729844,1,170.35279541015626,169.76987915039064,1.0006258553649254,0.0035110355922922587,0.0,0.836
2023-05-18,172.7889404296875,0.013666178865922252,1,170.65682373046874,170.70652923583984,1.0124935918330824,0.007440683712055493,0.0036032313010729844,0.0
2023-05-19,172.8975067138672,0.0006283173211762971,0,171.1681365966797,170.88714141845702,1.0101033413786724,0.006394028205144114,0.013666178865922252,-0.4215
2023-05-22,171.94989013671875,-0.005480799550896198,0,171.58863220214843,170.97989196777343,1.0021053721912343,0.007059490900513059,0.0006283173211762971,-0.4019
2023-05-23,169.34397888183594,-0.015155062052152668,1,171.48794555664062,170.98258056640626,0.9874978578357476,0.010704649656761205,-0.005480799550896198,-0.296
2023-05-24,169.620361328125,0.0016320771964495329,1,171.32013549804688,170.83646545410156,0.9900783748216142,0.010548726153444724,-0.015155062052152668,0.836
2023-05-25,170.75552368164062,0.006692370801637981,1,170.9134521484375,170.78513793945314,0.9990759740394237,0.008370519806803199,0.0016320771964495329,0.2732
2023-05-26,173.16400146484375,0.014104830879108299,1,170.9667510986328,171.06744384765625,1.0128519162474072,0.011241325071670735,0.006692370801637981,-0.4019
2023-05-30,175.0098419189453,0.010659492957468375,0,171.57874145507813,171.58368682861328,1.0199972352913282,0.011460528605307416,0.014104830879108299,-0.4404
2023-05-31,174.9604949951172,-0.0002819665642059821,1,172.70204467773436,172.0949951171875,1.0130771486903767,0.006017573387440484,0.010659492957468375,-0.4404
2023-06-01,177.76380920410156,0.016022555314916254,1,174.3307342529297,172.82543487548827,1.0196928841370618,0.0064931491452369155,-0.0002819665642059821,-0.0772
2023-06-02,178.61270141601562,0.004775393910126047,0,175.90216979980468,173.4078109741211,1.0154093131386372,0.006747517763933292,0.016022555314916254,-0.296
2023-06-05,177.2603759765625,-0.007571272528392958,0,176.72144470214843,173.84409790039064,1.0030496088084975,0.009207652361857834,0.004775393910126047,0.0
2023-06-06,176.89517211914062,-0.0020602678709773503,0,177.0985107421875,174.3386260986328,0.9988518332413145,0.008908995814491248,-0.007571272528392958,0.2732
2023-06-07,175.5231170654297,-0.007756317129937518,1,177.21103515625,174.9565399169922,0.9904750960382798,0.009986619142148363,-0.0020602678709773503,-0.4215
2023-06-08,178.2376251220703,0.015465245273810435,1,177.30579833984376,175.81826629638672,1.0052554783371523,0.00977343149259419,-0.007756317129937518,-0.4215
2023-06-09,178.62255859375,0.002159664500781311,1,177.30776977539062,176.60496978759767,1.0074152916142645,0.009559760067611424,0.015465245273810435,0.2732
2023-06-12,181.416015625,0.015638881523376336,0,178.13889770507814,177.43017120361327,1.0183964196598285,0.01052216042372336,0.002159664500781311,-0.4767
2023-06-13,180.94223022460938,-0.0026115963287937083,1,178.94830932617188,178.02341003417968,1.0111424405513838,0.010613072409016754,0.015638881523376336,0.0
2023-06-14,181.57394409179688,0.003491246164056605,1,180.15847473144532,178.68475494384765,1.0078568014214238,0.00828050267369346,-0.0026115963287937083,-0.4019
2023-06-15,183.6073760986328,0.011198919630274196,0,181.2324249267578,179.26911163330078,1.013104449564336,0.007333747270481395,0.003491246164056605,0.836
2023-06-16,182.53143310546875,-0.005860020528729026,1,182.01419982910156,179.6609848022461,1.0028417193650432,0.009052486380587876,0.011198919630274196,-0.4767
2023-06-20,182.62025451660156,0.00048660885208451354,0,182.2550476074219,180.19697265625,1.0020038232903503,0.006519391011153015,-0.005860020528729026,0.836
2023-06-21,181.5838165283203,-0.0056753725977697345,1,182.38336486816405,180.66583709716798,0.9956161114780304,0.0071017454137034,0.00048660885208451354,0.836
2023-06-22,184.58453369140625,0.01652524558882118,0,182.98548278808593,181.5719787597656,1.0087386763089408,0.010120182305938395,-0.0056753725977697345,-0.4767
2023-06-23,184.26869201660156,-0.0017110950115285517,0,183.11774597167968,182.17508544921876,1.0062852785720717,0.009219035661688371,0.01652524558882118,-0.0772
2023-06-26,182.8769073486328,-0.007553017567647147,1,183.1868408203125,182.60052032470702,0.9983081018795247,0.009547870989279724,-0.0017110950115285517,-0.4404
2023-06-27,185.63087463378906,0.015059130893471107,1,183.78896484375,183.02200622558593,1.0100218736832485,0.011582707567354078,-0.007553017567647147,0.836
2023-06-28,186.80551147460938,0.006327809655250594,1,184.83330383300782,183.60833435058595,1.0106701963374707,0.01043714324977352,0.015059130893471107,-0.4767
2023-06-29,187.14109802246094,0.0017964488585080485,1,185.34461669921876,184.16504974365233,1.009692654446811,0.00853335358803143,0.006327809655250594,-0.4767
2023-06-30,191.4645233154297,0.023102489718478836,0,186.78378295898438,184.95076446533204,1.0250596721101486,0.0118403127014812,0.0017964488585080485,0.6486
2023-07-03,189.97402954101562,-0.007784699476458767,0,188.20320739746094,185.6950241088867,1.0094090965188225,0.01191537071449571,0.023102489718478836,-0.0772
2023-07-05,188.858642578125,-0.005871260222175878,1,188.84876098632813,186.31886291503906,1.0000523254256224,0.01235232928766373,-0.007784699476458767,-0.296
2023-07-06,189.3324432373047,0.002508758152191426,0,189.3541473388672,187.0937255859375,0.9998853782614876,0.01225252336687914,-0.005871260222175878,0.6486
2023-07-07,188.21702575683594,-0.005891317205845792,0,189.5693328857422,187.45697479248048,0.992866424604019,0.012869007448498346,0.002508758152191426,0.6486
2023-07-10,186.17376708984375,-0.010855865237356044,0,188.511181640625,187.6474822998047,0.9876006583246756,0.004957449113219514,-0.005891317205845792,0.2732
2023-07-11,185.650634765625,-0.002809914266634017,1,187.64650268554686,187.92485504150392,0.989363681756081,0.004902984016761247,-0.010855865237356044,-0.4404
2023-07-12,187.31878662109375,0.00898543577604638,1,187.33853149414062,188.09364624023436,0.9998946032463829,0.007656417079089645,-0.002809914266634017,-0.4767
2023-07-13,188.0788116455078,0.0040573881462910855,1,187.08780517578126,188.22097625732422,1.0052970126449206,0.00789250200067271,0.00898543577604638,-0.4404
2023-07-14,188.22689819335938,0.0007873643317710677,1,187.08977966308595,188.32955627441407,1.0060779297101166,0.0074759684897026365,0.0040573881462910855,0.0
2023-07-17,191.48426818847656,0.017305549984524493,0,188.1518798828125,188.33153076171874,1.017711161364636,0.007821886200914646,0.0007873643317710677,0.2732
2023-07-18,191.22763061523438,-0.001340254088077808,1,189.26727905273438,188.45689086914064,1.0103575830556204,0.007442186563442713,0.017305549984524493,-0.296
2023-07-19,192.5799102783203,0.007071570456294696,0,190.3195037841797,188.82901763916016,1.011876904096513,0.007295389938879014,-0.001340254088077808,-0.4404
2023-07-20,190.6353759765625,-0.010097285324037863,0,190.83081665039063,188.95931091308594,0.9989758432245973,0.010200180852880845,0.007071570456294696,-0.4215
2023-07-21,189.46075439453125,-0.006161613897809115,1,191.077587890625,189.08368377685548,0.9915383404514231,0.01097745347360934,-0.010097285324037863,0.836
2023-07-24,190.26028442382812,0.004220029799057778,1,190.83279113769532,189.4923355102539,0.9969999562944394,0.007098867037727553,-0.006161613897809115,0.0
2023-07-25,191.11903381347656,0.004513550435651936,1,190.81107177734376,190.03917541503907,1.0016139631378003,0.007550949889803669,0.004220029799057778,-0.0772
2023-07-26,191.98770141601562,0.004545165309839616,0,190.6926300048828,190.50606689453124,1.0067914077806766,0.007017544269303184,0.004513550435651936,-0.296
2023-07-27,190.72421264648438,-0.006581092227326613,1,190.71039733886718,190.7706069946289,1.0000724412921895,0.005917307449598535,0.004545165309839616,0.0
2023-07-28,193.30047607421875,0.01350779427523241,1,191.47834167480468,191.27796478271483,1.0095161383970448,0.007123176526981615,-0.006581092227326613,0.836
2023-07-31,193.9124755859375,0.003166052790701812,0,192.20877990722656,191.52078552246093,1.008863776563866,0.0071321467925567405,0.01350779427523241,0.2732
2023-08-01,193.08335876464844,-0.004275727071111568,0,192.60164489746094,191.70635833740235,1.00250108906102,0.007957080682733124,0.003166052790701812,0.836
2023-08-02,190.09249877929688,-0.015489993567996518,0,192.22260437011718,191.4576171875,0.9889185478586126,0.010900730028394527,-0.004275727071111568,0.6486
2023-08-03,188.70068359375,-0.007321778578768701,0,191.81789855957032,191.26414794921874,0.9837490922941571,0.010984372427532044,-0.015489993567996518,0.836
2023-08-04,179.63926696777344,-0.04802005193306402,0,189.08565673828124,190.28199920654296,0.950041743337609,0.019954094974115877,-0.007321778578768701,0.6486
2023-08-07,176.53982543945312,-0.017253697260278478,1,185.6111267089844,188.90995330810546,0.9511273842771616,0.01738767954233283,-0.04802005193306402,0.2732
2023-08-08,177.47756958007812,0.00531179941008042,0,182.4899688720703,187.54580688476562,0.9725332886899335,0.01971725896036026,-0.017253697260278478,-0.4019
2023-08-09,175.8883514404297,-0.008954473195731838,0,179.64913940429688,185.93587188720704,0.9790659283070452,0.02001979661605996,0.00531179941008042,0.6486
2023-08-10,175.67117309570312,-0.0012347511529217092,1,177.0432373046875,184.4305679321289,0.9922501179380092,0.02079242905471777,-0.008954473195731838,-0.0772
2023-08-11,175.73046875,0.0003375377601910756,1,176.2614776611328,182.67356719970704,0.9969873796692339,0.00884214835245853,-0.0012347511529217092,0.836
2023-08-14,177.3811492919922,0.009393251800520197,0,176.42974243164062,181.0204345703125,1.0053925537000667,0.006956265073516396,0.0003375377601910756,0.836
2023-08-15,175.3944549560547,-0.011200143554528141,0,176.01311950683595,179.2515441894531,0.9964851225152155,0.008190131830422269,0.009393251800520197,-0.0772
2023-08-16,174.52462768554688,-0.0049592632259995995,0,175.74037475585936,177.69475708007812,0.9930821413576623,0.007552545696000512,-0.011200143554528141,-0.4215
2023-08-17,171.98440551757812,-0.014555092892366117,1,175.00302124023438,176.02312927246095,0.9827510650886851,0.009515410259222964,-0.0049592632259995995,-0.4767
2023-08-18,172.46875,0.0028162116266545745,1,174.35067749023438,175.3060775756836,0.9892060787068648,0.009868702935482447,-0.014555092892366117,-0.4019
2023-08-21,173.8031005859375,0.007736767303859304,1,173.63506774902345,175.03240509033202,1.0009677356025624,0.009332463085960769,0.0028162116266545745,-0.296
2023-08-22,175.177001953125,0.007904930133902699,1,173.5915771484375,174.8023483276367,1.0091330744885842,0.009572073200679288,0.007736767303859304,0.6486
2023-08-23,179.02195739746094,0.021948973903348268,0,174.4910430908203,175.11570892333984,1.025966457798538,0.013136035466959056,0.007904930133902699,-0.0772
2023-08-24,174.3368377685547,-0.0261706424006104,1,174.96152954101564,174.982275390625,0.9964295478320306,0.017722883559365864,0.021948973903348268,0.2732
2023-08-25,176.54098510742188,0.012643038425380615,1,175.7759765625,175.06332702636718,1.0043521791764864,0.018255448818237173,-0.0261706424006104,0.6486
2023-08-28,178.10269165039062,0.008846141546216435,1,176.63589477539062,175.13548126220704,1.0083040702279973,0.018306543755374004,0.012643038425380615,-0.4767
2023-08-29,181.98716735839844,0.021810314442821,1,177.9979278564453,175.7947525024414,1.0224117187766952,0.019843356195237322,0.008846141546216435,0.2732
2023-08-30,185.47628784179688,0.01917234349017094,1,179.2887939453125,176.8899185180664,1.0345113253334266,0.019382442935155154,0.021810314442821,0.0
2023-08-31,185.69375610351562,0.0011724855195733852,1,181.5601776123047,178.26085357666017,1.0227669885851158,0.00825566401555479,0.01917234349017094,0.836
2023-09-01,187.26531982421875,0.008463201745065874,1,183.70504455566407,179.74051055908203,1.0193803892384452,0.008475232453817575,0.0011724855195733852,0.0
2023-09-05,187.50254821777344,0.001266803665395111,0,185.58501586914062,181.11045532226564,1.0103323662185362,0.009739868249751878,0.008463201745065874,0.6486
2023-09-06,180.79122924804688,-0.03579321472437669,0,185.3458282470703,181.6718780517578,0.9754264822569837,0.020717132391741392,0.001266803665395111,-0.4767
2023-09-07,175.503173828125,-0.029249513053902776,1,183.35120544433593,181.31999969482422,0.9571967274652387,0.020156019464398853,-0.03579321472437669,-0.4019
2023-09-08,176.11598205566406,0.0034917216262948525,1,181.43565063476564,181.49791412353517,0.9706801361226951,0.020524544488520594,-0.029249513053902776,0.6486
2023-09-11,177.2823486328125,0.006622718526361648,0,179.43905639648438,181.57205047607422,0.9879808342342903,0.020114886117963807,0.0034917216262948525,-0.0772
2023-09-12,174.25778198242188,-0.017060732067889717,0,176.79010314941405,181.18755950927735,0.985676114658681,0.019021865984942442,0.006622718526361648,-0.4404
2023-09-13,172.19198608398438,-0.01185482722743414,1,175.07025451660155,180.20804138183593,0.9835593519837819,0.014844354068736016,-0.017060732067889717,0.6486
2023-09-14,173.7042694091797,0.008782541856841686,0,174.7104736328125,179.0308395385742,0.9942407332387666,0.011669583231422039,-0.01185482722743414,0.836
2023-09-15,172.98269653320312,-0.004154030746802317,1,174.0838165283203,177.75973358154297,0.9936747710552517,0.011263316700874366,0.008782541856841686,0.836
2023-09-18,175.9084014892578,0.016913281008387626,1,173.80902709960938,176.62404174804686,1.0120786268968947,0.014152553711168678,-0.004154030746802317,0.6486
2023-09-19,176.99566650390625,0.0061808589325100805,0,174.35660400390626,175.57335357666017,1.0151360054015555,0.011278635406581746,0.016913281008387626,0.2732
2023-09-20,173.4571533203125,-0.01999208937420882,0,174.60963745117186,174.8399459838867,0.9933996533771989,0.014198436756414794,0.0061808589325100805,-0.4404
2023-09-21,171.9152069091797,-0.008889494504071505,1,174.25182495117187,174.48114929199218,0.9865905677450039,0.01414618525754086,-0.01999208937420882,-0.0772
2023-09-22,172.7652587890625,0.004944599696360186,1,174.20833740234374,174.14607696533204,0.9917163630926092,0.014381201536822862,-0.008889494504071505,0.6486
2023-09-25,174.04031372070312,0.007380273907946933,0,173.8347198486328,173.8218734741211,1.001182697405037,0.011982232869225565,0.004944599696360186,0.2732
2023-09-26,169.96803283691406,-0.023398491974245594,0,172.42919311523437,173.3928985595703,0.9857265452916925,0.014016330194878563,0.007380273907946933,0.836
2023-09-27,168.45578002929688,-0.008897277813812221,1,171.42891845703124,173.01927795410157,0.9826567276134359,0.012429875006267431,-0.023398491974245594,0.836
2023-09-28,168.71275329589844,0.0015254642289914688,1,170.788427734375,172.52012634277344,0.9878465159143871,0.012647615757455618,-0.008897277813812221,-0.4767
2023-09-29,169.22674560546875,0.003046552791826196,1,170.08072509765626,172.14453125,0.9949789754735748,0.012348648921328661,0.0015254642289914688,0.6486
2023-10-02,171.73728942871094,0.014835384408415031,0,169.6201202392578,171.7274200439453,1.0124818281372916,0.014362504368556314,0.003046552791826196,-0.4404
2023-10-03,170.40292358398438,-0.007769808462479877,1,169.70709838867188,171.06814575195312,1.0041001537467742,0.00961414018757074,0.014835384408415031,-0.4215
2023-10-04,171.64837646484375,0.007308870380064558,1,170.34561767578126,170.88726806640625,1.0076477387962046,0.008271834298970654,-0.007769808462479877,-0.4404
2023-10-05,172.88385009765625,0.007197700661419004,1,171.17983703613282,170.9841323852539,1.0099545197087887,0.008272702751856683,0.007308870380064558,0.836
2023-10-06,175.4340057373047,0.01475068745986352,1,172.4212890625,171.25100708007812,1.017472997048019,0.009211380939016198,0.007197700661419004,0.836
2023-10-09,176.91661071777344,0.008451069530321265,0,173.4571533203125,171.53863677978515,1.01994416102905,0.008296637429307772,0.01475068745986352,0.0
2023-10-10,176.32354736328125,-0.0033522197383617502,1,174.6412780761719,172.17418823242187,1.009632712870869,0.00650766431891764,0.008451069530321265,0.836
2023-10-11,177.71722412109375,0.007904087563194828,1,175.85504760742188,173.10033264160157,1.010589269622951,0.0065230973935937525,-0.0033522197383617502,-0.0772
2023-10-12,178.61669921875,0.005061271365815134,0,177.00161743164062,174.09072723388672,1.0091246724778271,0.006575871039118361,0.007904087563194828,-0.296
2023-10-13,176.77821350097656,-0.010292910605865901,0,177.270458984375,174.8458740234375,0.9972231950759385,0.00813348657230159,0.005061271365815134,0.6486
2023-10-16,176.6497344970703,-0.0007267807574350416,0,177.2170837402344,175.33711853027344,0.9967985634838925,0.007165978412369417,-0.010292910605865901,-0.4404
2023-10-17,175.09791564941406,-0.008784722219222996,0,176.97195739746093,175.8066177368164,0.9894105157924091,0.008099075530777489,-0.0007267807574350416,-0.296
2023-10-18,173.8031005859375,-0.007394805692999107,0,176.1891326904297,176.02209014892577,0.9864575523583254,0.006440602359711346,-0.008784722219222996,0.2732
2023-10-19,173.42752075195312,-0.0021609501367823025,0,175.15129699707032,176.07645721435546,0.9901583586609352,0.004200967466716765,-0.007394805692999107,-0.4215
2023-10-20,170.8773956298828,-0.014704270181649326,1,173.97113342285155,175.62079620361328,0.9822169475354906,0.005593852407005289,-0.0021609501367823025,-0.0772
2023-10-23,170.99600219726562,0.000694103318613859,1,172.84038696289062,175.0287353515625,0.9893289710927285,0.005998097551446087,-0.014704270181649326,-0.4404
2023-10-24,171.43087768554688,0.0025431909675850406,0,172.1069793701172,174.53946838378906,0.9960716195993635,0.006966472711891482,0.000694103318613859,-0.296
2023-10-25,169.1179962158203,-0.01349162706831053,0,171.16995849609376,173.6795455932617,0.988012135433682,0.008105011345748517,0.0025431909675850406,-0.4215
2023-10-26,164.95675659179688,-0.024605540020194328,1,169.4758056640625,172.3135513305664,0.9733351373987662,0.011394087369974153,-0.01349162706831053,0.0
2023-10-27,166.2713623046875,0.00796939598020674,1,168.55459899902343,171.2628662109375,0.9864540231598833,0.013353818965895428,-0.024605540020194328,-0.0772
2023-10-30,168.3173828125,0.012305309101053874,1,168.0188751220703,170.42963104248048,1.0017766318826549,0.015509393126380699,0.00796939598020674,-0.0772
2023-10-31,168.79183959960938,0.0028188222700558097,1,167.4910675048828,169.7990234375,1.00776621771002,0.015534738675908438,0.012305309101053874,0.0
2023-11-01,171.95472717285156,0.018738391504855123,1,168.05841369628905,169.61418609619142,1.023184280934627,0.016733857547398225,0.0028188222700558097,0.6486
2023-11-02,175.51307678222656,0.020693525952317104,0,170.169677734375,169.82274169921874,1.0314004182119467,0.007421939540654993,0.018738391504855123,0.0
2023-11-03,174.60369873046875,-0.005181255257043604,1,171.83614501953124,170.19537200927735,1.0161057716385742,0.01093145783495106,0.020693525952317104,-0.0772
2023-11-06,177.15379333496094,0.014605043438562504,1,173.60342712402343,170.81115112304687,1.02045101453211,0.011106264273836364,-0.005181255257043604,-0.0772
2023-11-07,179.71383666992188,0.014450965383058012,1,175.78782653808594,171.6394470214844,1.0223337998378705,0.010329393904539283,0.014605043438562504,-0.296
2023-11-08,180.77142333984375,0.005884837191831416,0,177.55116577148436,172.8047897338867,1.0181370680072244,0.010034104698128394,0.014450965383058012,0.836
2023-11-09,180.29698181152344,-0.0026245383233409747,1,178.50794677734376,174.33881225585938,1.0100221590493736,0.009263374067520754,0.005884837191831416,-0.4215
2023-11-10,184.48350524902344,0.023220152636145963,0,180.4839080810547,176.16002655029297,1.022160408706202,0.009823097880272033,-0.0026245383233409747,0.0
2023-11-13,182.89991760253906,-0.008583898296743553,1,181.6331329345703,177.61828002929687,1.0069744140152286,0.012786089289768765,0.023220152636145963,-0.4215
2023-11-14,185.51280212402344,0.01428587041336149,1,182.7929260253906,179.29037628173828,1.0148795479003112,0.012760512568462746,-0.008583898296743553,0.0
2023-11-15,186.0769500732422,0.0030410189634328955,1,183.85403137207032,180.70259857177734,1.0120906715212206,0.012854280768961864,0.01428587041336149,0.2732
2023-11-16,187.7594451904297,0.009041931934746561,0,185.34652404785157,181.92723541259767,1.0130184321231466,0.011954768666757418,0.0030410189634328955,-0.0772
2023-11-17,187.73968505859375,-0.00010524174597925651,1,185.9977600097656,183.24083404541017,1.0093653012204915,0.008750294034437327,0.009041931934746561,0.836
2023-11-20,189.48155212402344,0.009278097302049204,0,187.3140869140625,184.4736099243164,1.0115712878068555,0.0056688276868978845,-0.00010524174597925651,-0.296
2023-11-21,188.67990112304688,-0.004230760155753077,1,187.9475067138672,185.3702163696289,1.0038968030062494,0.005852934862576538,0.009278097302049204,0.836
2023-11-22,189.34298706054688,0.003514343253061103,0,188.60071411132813,186.2273727416992,1.0039356847227026,0.005849402615480347,-0.004230760155753077,0.836
2023-11-24,188.0167999267578,-0.007004152381756779,0,188.65218505859374,186.99935455322264,0.9966319757619633,0.006422235375458322,0.003514343253061103,0.836
2023-11-27,187.838623046875,-0.0009476646765194108,1,188.67197265625,187.33486633300782,0.9955830768203536,0.006446217142812675,-0.007004152381756779,-0.4215
2023-11-28,188.44235229492188,0.0032140847193935507,0,188.4641326904297,187.88910980224608,0.999884432145274,0.004598558217403567,-0.0009476646765194108,0.0
2023-11-29,187.42295837402344,-0.005409579685691002,1,188.212744140625,188.0801254272461,0.9958037604190528,0.004824455032457918,0.0032140847193935507,-0.4019
2023-11-30,187.99697875976562,0.0030627004862266993,1,187.94354248046875,188.27212829589843,1.0002843209114376,0.004714125105036662,-0.005409579685691002,0.2732
2023-12-01,189.2737274169922,0.006791325401340975,0,188.19492797851564,188.42355651855468,1.0057323512916336,0.004663342447286236,0.0030627004862266993,-0.4404
2023-12-04,187.48233032226562,-0.009464584013712085,1,188.12366943359376,188.39782104492187,0.9965908643327068,0.006782737517635881,0.006791325401340975,0.836
2023-12-05,191.43130493164062,0.021063182874818454,0,188.7214599609375,188.5927963256836,1.0143589657014311,0.01190090282019762,-0.009464584013712085,0.6486
2023-12-06,190.34263610839844,-0.005686994734904749,1,189.3053955078125,188.75906982421876,1.0054791919575432,0.01195166462793481,0.021063182874818454,-0.4215
2023-12-07,192.27255249023438,0.010139170189577884,1,190.16051025390624,189.0520263671875,1.0111066289920452,0.012350612347453077,-0.005686994734904749,-0.296
2023-12-08,193.69775390625,0.00741240180960312,0,191.04531555175782,189.62012176513673,1.0138838178095688,0.012381642443831716,0.010139170189577884,-0.4404
2023-12-11,191.19375610351562,-0.012927345579579197,1,191.7876007080078,189.95563507080078,0.9969036340081427,0.013424408756780321,0.00741240180960312,-0.4019
2023-12-12,192.7080841064453,0.007920384189271434,1,192.04295654296874,190.38220825195313,1.0034634311794077,0.010130791580370353,-0.012927345579579197,0.6486
2023-12-13,195.92462158203125,0.016691243081474738,1,193.15935363769532,191.2323745727539,1.01431599294706,0.011127059242719407,0.007920384189271434,-0.4019
2023-12-14,196.07310485839844,0.0007578591969106263,0,193.91946411132812,192.03998718261718,1.0111058513746403,0.011012763311800405,0.016691243081474738,-0.4404
2023-12-15,195.53866577148438,-0.00272571338787142,0,194.287646484375,192.6664810180664,1.0064390058233064,0.01115312082340874,0.0007578591969106263,0.836
2023-12-18,193.87591552734375,-0.008503434538536747,1,194.82407836914064,193.30583953857422,0.9951332358416173,0.00976796434121072,-0.00272571338787142,0.6486
2023-12-19,194.91510009765625,0.005360049841600656,0,195.2654815673828,193.6542190551758,0.9982056149048256,0.009497640410531017,-0.008503434538536747,-0.4019
2023-12-20,192.8268280029297,-0.010713752262807241,0,194.6459228515625,193.90263824462892,0.9906543388015373,0.006590538973703504,0.005360049841600656,-0.296
2023-12-21,192.6783447265625,-0.000770034325124791,0,193.96697082519532,193.9432174682617,0.9933564663450143,0.006395720558428908,-0.010713752262807241,0.0
2023-12-22,191.60946655273438,-0.0055474743430301565,0,193.1811309814453,193.73438873291016,0.9918642963692873,0.0064379185302903185,-0.000770034325124791,-0.0772
2023-12-26,191.06512451171875,-0.0028408932544353727,1,192.6189727783203,193.72152557373047,0.9919330466558461,0.005933643195536445,-0.0055474743430301565,0.0
2023-12-27,191.1641082763672,0.0005180629636172274,1,191.8687744140625,193.56712799072267,0.9963273537351387,0.004460235596647989,-0.0028408932544353727,-0.4404
2023-12-28,191.5896759033203,0.0022261900039199922,0,191.62134399414063,193.13363342285157,0.9998347360990157,0.003018035318541128,0.0005180629636172274,-0.4215
2023-12-29,190.55044555664062,-0.005424250246156781,0,191.19576416015624,192.58136749267578,0.9966248279278035,0.0034996502598259372,0.0022261900039199922,-0.0772
